timestamp,co2,temperature,humidity,pressure
2020-02-29 01:04:51,501,0,0,0
2020-02-29 01:05:19,0,25.17,27.3,100357
2020-02-29 01:05:51,501,0,0,0
2020-02-29 01:06:20,0,25.17,27.3,100358
2020-02-29 01:06:51,501,0,0,0
2020-02-29 01:07:21,0,25.17,27.31,100357
2020-02-29 01:07:51,501,0,0,0
2020-02-29 01:08:22,0,25.16,27.31,100351
2020-02-29 01:08:51,501,0,0,0
2020-02-29 01:09:23,0,25.16,27.31,100349
2020-02-29 01:09:51,501,0,0,0
2020-02-29 01:10:24,0,25.16,27.32,100349
2020-02-29 01:10:51,501,0,0,0
2020-02-29 01:11:25,0,25.16,27.32,100349
2020-02-29 01:11:51,501,0,0,0
2020-02-29 01:12:27,0,25.17,27.31,100349
2020-02-29 01:12:52,502,0,0,0
2020-02-29 01:13:28,0,25.17,27.31,100348
2020-02-29 01:13:52,502,0,0,0
2020-02-29 01:14:29,0,25.17,27.31,100350
2020-02-29 01:14:52,499,0,0,0
2020-02-29 01:15:30,0,25.16,27.31,100348
2020-02-29 01:15:52,499,0,0,0
2020-02-29 01:16:30,0,25.16,27.31,100343
2020-02-29 01:16:52,499,0,0,0
2020-02-29 01:17:31,0,25.16,27.31,100341
2020-02-29 01:17:52,500,0,0,0
2020-02-29 01:18:32,0,25.16,27.32,100341
2020-02-29 01:18:52,500,0,0,0
2020-02-29 01:19:33,0,25.16,27.32,100345
2020-02-29 01:19:52,499,0,0,0
2020-02-29 01:20:34,0,25.16,27.32,100348
2020-02-29 01:20:51,499,0,0,0
2020-02-29 01:21:35,0,25.15,27.32,100345
2020-02-29 01:21:51,498,0,0,0
2020-02-29 01:22:36,0,25.15,27.32,100339
2020-02-29 01:23:37,0,25.15,27.31,100339
2020-02-29 01:23:51,498,0,0,0
2020-02-29 01:24:39,0,25.16,27.31,100342
2020-02-29 01:24:52,497,0,0,0
2020-02-29 01:25:40,0,25.16,27.31,100342
2020-02-29 01:26:41,0,25.17,27.32,100343
2020-02-29 01:26:52,497,0,0,0
2020-02-29 01:27:42,0,25.16,27.32,100343
2020-02-29 01:27:52,498,0,0,0
2020-02-29 01:28:43,0,25.17,27.32,100345
2020-02-29 01:28:52,498,0,0,0
2020-02-29 01:29:43,0,25.17,27.32,100348
2020-02-29 01:29:52,496,0,0,0
2020-02-29 01:30:44,0,25.17,27.3,100345
2020-02-29 01:30:52,495,0,0,0
2020-02-29 01:31:45,0,25.17,27.3,100348
2020-02-29 01:31:52,494,0,0,0
2020-02-29 01:32:46,0,25.17,27.3,100351
2020-02-29 01:32:52,490,0,0,0
2020-02-29 01:33:47,0,25.17,27.3,100351
2020-02-29 01:34:48,0,25.16,27.31,100351
2020-02-29 01:34:52,490,0,0,0
2020-02-29 01:35:49,0,25.16,27.31,100350
2020-02-29 01:35:52,490,0,0,0
2020-02-29 01:36:50,0,25.15,27.32,100350
2020-02-29 01:36:52,490,0,0,0
2020-02-29 01:37:52,0,24.75,27.33,100282
2020-02-29 01:37:53,490,0,0,0
2020-02-29 01:38:53,490,25.15,27.33,100350
2020-02-29 01:39:53,490,0,0,0
2020-02-29 01:39:54,0,25.15,27.32,100352
2020-02-29 01:40:53,490,0,0,0
2020-02-29 01:40:54,0,25.16,27.32,100354
2020-02-29 01:41:53,490,0,0,0
2020-02-29 01:41:55,0,25.16,27.32,100354
2020-02-29 01:42:56,0,25.16,27.33,100348
2020-02-29 01:43:53,486,0,0,0
2020-02-29 01:43:57,0,25.16,27.33,100348
2020-02-29 01:44:53,486,0,0,0
2020-02-29 01:44:58,0,25.16,27.32,100346
2020-02-29 01:45:59,0,25.15,27.32,100344
2020-02-29 01:46:53,490,0,0,0
2020-02-29 01:47:00,0,25.15,27.31,100343
2020-02-29 01:47:53,495,0,0,0
2020-02-29 01:48:01,0,25.15,27.32,100342
2020-02-29 01:48:53,495,0,0,0
2020-02-29 01:49:02,0,25.15,27.33,100343
2020-02-29 01:50:04,0,25.15,27.33,100341
2020-02-29 01:51:05,0,25.15,27.33,100339
2020-02-29 01:51:53,489,0,0,0
2020-02-29 01:52:06,0,25.15,27.33,100330
2020-02-29 01:52:53,489,0,0,0
2020-02-29 01:53:07,0,25.15,27.32,100332
2020-02-29 01:53:53,486,0,0,0
2020-02-29 01:54:07,0,25.15,27.31,100330
2020-02-29 01:54:53,487,0,0,0
2020-02-29 01:55:08,0,25.15,27.31,100326
2020-02-29 01:55:53,486,0,0,0
2020-02-29 01:56:09,0,25.15,27.32,100326
2020-02-29 01:56:53,485,0,0,0
2020-02-29 01:57:10,0,25.15,27.32,100328
2020-02-29 01:57:53,482,0,0,0
2020-02-29 01:58:11,0,25.15,27.32,100328
2020-02-29 01:58:53,482,0,0,0
2020-02-29 01:59:12,0,25.15,27.32,100328
2020-02-29 01:59:53,480,0,0,0
2020-02-29 02:00:13,0,25.15,27.32,100330
2020-02-29 02:01:14,0,25.15,27.32,100330
2020-02-29 02:01:54,476,0,0,0
2020-02-29 02:02:16,0,25.15,27.32,100341
2020-02-29 02:02:54,476,0,0,0
2020-02-29 02:03:17,0,25.15,27.32,100336
2020-02-29 02:03:54,480,0,0,0
2020-02-29 02:04:18,0,25.15,27.32,100336
2020-02-29 02:04:54,481,0,0,0
2020-02-29 02:05:19,0,25.15,27.32,100336
2020-02-29 02:06:20,0,25.15,27.32,100334
2020-02-29 02:06:54,486,0,0,0
2020-02-29 02:07:21,0,25.15,27.31,100335
2020-02-29 02:07:54,483,0,0,0
2020-02-29 02:08:21,0,25.15,27.31,100334
2020-02-29 02:08:54,479,0,0,0
2020-02-29 02:09:22,0,25.15,27.32,100335
2020-02-29 02:09:54,479,0,0,0
2020-02-29 02:10:23,0,25.15,27.32,100336
2020-02-29 02:10:54,479,0,0,0
2020-02-29 02:11:24,0,25.15,27.33,100336
2020-02-29 02:11:54,478,0,0,0
2020-02-29 02:12:25,0,25.14,27.33,100332
2020-02-29 02:12:54,477,0,0,0
2020-02-29 02:13:26,0,25.14,27.33,100332
2020-02-29 02:13:54,477,0,0,0
2020-02-29 02:14:27,0,25.13,27.33,100332
2020-02-29 02:14:54,478,0,0,0
2020-02-29 02:15:29,0,25.13,27.32,100327
2020-02-29 02:15:54,479,0,0,0
2020-02-29 02:16:30,0,25.13,27.32,100326
2020-02-29 02:16:54,479,0,0,0
2020-02-29 02:17:31,0,25.13,27.32,100326
2020-02-29 02:18:32,0,25.13,27.32,100320
2020-02-29 02:18:54,479,0,0,0
2020-02-29 02:19:33,0,25.13,27.33,100320
2020-02-29 02:19:54,479,0,0,0
2020-02-29 02:20:34,0,25.13,27.33,100326
2020-02-29 02:20:54,479,0,0,0
2020-02-29 02:21:34,0,25.13,27.33,100326
2020-02-29 02:21:54,479,0,0,0
2020-02-29 02:22:35,0,25.13,27.34,100317
2020-02-29 02:22:54,479,0,0,0
2020-02-29 02:23:36,0,25.13,27.34,100317
2020-02-29 02:23:54,478,0,0,0
2020-02-29 02:24:37,0,25.13,27.34,100317
2020-02-29 02:24:54,476,0,0,0
2020-02-29 02:25:38,0,25.13,27.35,100316
2020-02-29 02:26:40,0,25.13,27.35,100316
2020-02-29 02:27:41,0,25.13,27.33,100316
2020-02-29 02:27:55,473,0,0,0
2020-02-29 02:28:42,0,25.13,27.33,100319
2020-02-29 02:28:55,473,0,0,0
2020-02-29 02:29:43,0,25.13,27.33,100316
2020-02-29 02:30:44,0,25.13,27.33,100316
2020-02-29 02:30:55,474,0,0,0
2020-02-29 02:31:45,0,25.13,27.33,100316
2020-02-29 02:31:55,475,0,0,0
2020-02-29 02:32:45,0,25.13,27.33,100318
2020-02-29 02:32:55,475,0,0,0
2020-02-29 02:33:46,0,25.13,27.33,100318
2020-02-29 02:33:55,474,0,0,0
2020-02-29 02:34:47,0,25.13,27.33,100318
2020-02-29 02:34:55,473,0,0,0
2020-02-29 02:35:48,0,25.13,27.33,100318
2020-02-29 02:35:55,473,0,0,0
2020-02-29 02:36:49,0,25.13,27.33,100318
2020-02-29 02:36:55,473,0,0,0
2020-02-29 02:37:50,0,25.13,27.33,100318
2020-02-29 02:37:56,470,0,0,0
2020-02-29 02:38:52,0,25.12,27.33,100313
2020-02-29 02:38:56,470,0,0,0
2020-02-29 02:39:53,0,25.12,27.33,100312
2020-02-29 02:40:54,0,25.12,27.33,100312
2020-02-29 02:40:55,470,0,0,0
2020-02-29 02:41:55,468,25.12,27.33,100314
2020-02-29 02:42:55,467,25.12,27.34,100314
2020-02-29 02:43:55,467,0,0,0
2020-02-29 02:43:56,0,25.12,27.34,100314
2020-02-29 02:44:57,0,25.12,27.35,100314
2020-02-29 02:45:55,467,0,0,0
2020-02-29 02:45:58,0,25.12,27.35,100314
2020-02-29 02:46:55,470,0,0,0
2020-02-29 02:46:59,0,25.12,27.35,100314
2020-02-29 02:47:55,470,0,0,0
2020-02-29 02:48:00,0,25.12,27.35,100312
2020-02-29 02:48:55,469,0,0,0
2020-02-29 02:49:02,0,25.12,27.34,100308
2020-02-29 02:49:56,466,0,0,0
2020-02-29 02:50:03,0,25.12,27.34,100306
2020-02-29 02:50:56,464,0,0,0
2020-02-29 02:51:04,0,25.12,27.34,100306
2020-02-29 02:51:56,464,0,0,0
2020-02-29 02:52:05,0,25.12,27.34,100306
2020-02-29 02:53:06,0,25.12,27.34,100306
2020-02-29 02:53:56,464,0,0,0
2020-02-29 02:54:07,0,25.12,27.34,100304
2020-02-29 02:54:56,468,0,0,0
2020-02-29 02:55:07,0,25.12,27.34,100304
2020-02-29 02:56:08,0,25.12,27.35,100303
2020-02-29 02:56:56,468,0,0,0
2020-02-29 02:57:09,0,25.12,27.35,100303
2020-02-29 02:58:10,0,25.12,27.35,100305
2020-02-29 02:59:11,0,25.12,27.35,100309
2020-02-29 02:59:56,468,0,0,0
2020-02-29 03:00:12,0,25.12,27.36,100309
2020-02-29 03:00:56,468,0,0,0
2020-02-29 03:01:13,0,25.11,27.36,100307
2020-02-29 03:02:15,0,25.12,27.36,100307
2020-02-29 03:02:57,466,0,0,0
2020-02-29 03:03:16,0,25.11,27.34,100307
2020-02-29 03:04:17,0,25.12,27.33,100308
2020-02-29 03:04:57,462,0,0,0
2020-02-29 03:05:18,0,25.11,27.33,100306
2020-02-29 03:05:56,457,0,0,0
2020-02-29 03:06:19,0,25.12,27.35,100309
2020-02-29 03:06:56,456,0,0,0
2020-02-29 03:07:20,0,25.12,27.35,100306
2020-02-29 03:07:56,456,0,0,0
2020-02-29 03:08:20,0,25.12,27.35,100315
2020-02-29 03:08:56,458,0,0,0
2020-02-29 03:09:21,0,25.12,27.35,100308
2020-02-29 03:09:56,460,0,0,0
2020-02-29 03:10:22,0,25.11,27.35,100312
2020-02-29 03:10:56,462,0,0,0
2020-02-29 03:11:23,0,25.11,27.35,100308
2020-02-29 03:11:56,464,0,0,0
2020-02-29 03:12:24,0,25.1,27.36,100305
2020-02-29 03:12:56,464,0,0,0
2020-02-29 03:13:25,0,25.1,27.35,100302
2020-02-29 03:13:57,461,0,0,0
2020-02-29 03:14:27,0,25.1,27.35,100302
2020-02-29 03:14:57,456,0,0,0
2020-02-29 03:15:28,0,25.1,27.35,100302
2020-02-29 03:15:57,456,0,0,0
2020-02-29 03:16:29,0,25.1,27.35,100298
2020-02-29 03:16:57,455,0,0,0
2020-02-29 03:17:30,0,25.1,27.35,100298
2020-02-29 03:17:57,455,0,0,0
2020-02-29 03:18:31,0,25.1,27.35,100298
2020-02-29 03:18:57,455,0,0,0
2020-02-29 03:19:32,0,25.1,27.36,100295
2020-02-29 03:19:57,457,0,0,0
2020-02-29 03:20:33,0,25.1,27.36,100292
2020-02-29 03:20:57,458,0,0,0
2020-02-29 03:21:33,0,25.1,27.36,100292
2020-02-29 03:21:57,458,0,0,0
2020-02-29 03:22:34,0,25.1,27.36,100292
2020-02-29 03:23:35,0,25.1,27.36,100289
2020-02-29 03:23:57,458,0,0,0
2020-02-29 03:24:36,0,25.1,27.36,100287
2020-02-29 03:24:57,458,0,0,0
2020-02-29 03:25:37,0,25.1,27.35,100285
2020-02-29 03:25:57,454,0,0,0
2020-02-29 03:26:38,0,25.1,27.34,100285
2020-02-29 03:27:40,0,25.1,27.34,100285
2020-02-29 03:27:58,453,0,0,0
2020-02-29 03:28:41,0,25.11,27.33,100285
2020-02-29 03:28:58,453,0,0,0
2020-02-29 03:29:42,0,25.11,27.34,100284
2020-02-29 03:29:58,454,0,0,0
2020-02-29 03:30:43,0,25.11,27.33,100284
2020-02-29 03:30:58,454,0,0,0
2020-02-29 03:31:44,0,25.1,27.34,100282
2020-02-29 03:31:58,455,0,0,0
2020-02-29 03:32:45,0,25.11,27.33,100279
2020-02-29 03:32:57,455,0,0,0
2020-02-29 03:33:46,0,25.1,27.34,100278
2020-02-29 03:33:57,459,0,0,0
2020-02-29 03:34:47,0,25.1,27.33,100274
2020-02-29 03:34:57,459,0,0,0
2020-02-29 03:35:47,0,24.58,27.33,100187
2020-02-29 03:35:57,458,0,0,0
2020-02-29 03:36:48,0,25.1,27.32,100273
2020-02-29 03:37:49,0,24.5,27.32,100175
2020-02-29 03:37:58,452,0,0,0
2020-02-29 03:38:51,0,25.1,27.32,100273
2020-02-29 03:38:58,452,0,0,0
2020-02-29 03:39:52,0,24.99,27.31,100254
2020-02-29 03:39:58,452,0,0,0
2020-02-29 03:40:53,0,25.1,27.3,100273
2020-02-29 03:40:58,452,0,0,0
2020-02-29 03:41:54,0,25.1,27.3,100272
2020-02-29 03:41:58,452,0,0,0
2020-02-29 03:42:55,0,25.1,27.29,100273
2020-02-29 03:42:58,453,0,0,0
2020-02-29 03:43:56,0,25.1,27.29,100278
2020-02-29 03:43:58,453,0,0,0
2020-02-29 03:44:57,0,25.1,27.29,100280
2020-02-29 03:44:58,452,0,0,0
2020-02-29 03:45:58,447,25.1,27.29,100280
2020-02-29 03:46:59,0,25.1,27.29,100279
2020-02-29 03:47:58,446,0,0,0
2020-02-29 03:47:59,0,25.1,27.3,100279
2020-02-29 03:48:58,446,0,0,0
2020-02-29 03:49:00,0,25.1,27.29,100279
2020-02-29 03:49:58,446,0,0,0
2020-02-29 03:50:01,0,25.1,27.29,100279
2020-02-29 03:50:58,447,0,0,0
2020-02-29 03:51:02,0,25.09,27.29,100277
2020-02-29 03:52:04,0,25.1,27.29,100278
2020-02-29 03:52:59,447,0,0,0
2020-02-29 03:53:05,0,25.09,27.29,100277
2020-02-29 03:53:59,446,0,0,0
2020-02-29 03:54:06,0,25.1,27.28,100278
2020-02-29 03:54:59,446,0,0,0
2020-02-29 03:55:07,0,25.09,27.28,100274
2020-02-29 03:55:59,449,0,0,0
2020-02-29 03:56:08,0,25.1,27.27,100277
2020-02-29 03:56:59,449,0,0,0
2020-02-29 03:57:09,0,25.1,27.27,100272
2020-02-29 03:57:59,443,0,0,0
2020-02-29 03:58:10,0,25.1,27.25,100272
2020-02-29 03:58:58,443,0,0,0
2020-02-29 03:59:11,0,25.09,27.25,100268
2020-02-29 03:59:58,443,0,0,0
2020-02-29 04:00:12,0,25.09,27.25,100267
2020-02-29 04:00:58,443,0,0,0
2020-02-29 04:01:12,0,25.09,27.24,100267
2020-02-29 04:01:58,445,0,0,0
2020-02-29 04:02:13,0,25.09,27.24,100266
2020-02-29 04:02:58,445,0,0,0
2020-02-29 04:03:14,0,25.09,27.24,100265
2020-02-29 04:03:58,445,0,0,0
2020-02-29 04:04:15,0,25.09,27.24,100265
2020-02-29 04:04:58,444,0,0,0
2020-02-29 04:05:17,0,25.09,27.24,100267
2020-02-29 04:05:59,445,0,0,0
2020-02-29 04:06:18,0,25.09,27.24,100268
2020-02-29 04:06:59,441,0,0,0
2020-02-29 04:07:19,0,25.09,27.24,100268
2020-02-29 04:07:59,444,0,0,0
2020-02-29 04:08:20,0,25.09,27.25,100268
2020-02-29 04:08:59,441,0,0,0
2020-02-29 04:09:21,0,25.09,27.25,100266
2020-02-29 04:09:59,443,0,0,0
2020-02-29 04:10:22,0,25.09,27.25,100266
2020-02-29 04:10:59,443,0,0,0
2020-02-29 04:11:23,0,25.09,27.25,100266
2020-02-29 04:11:59,445,0,0,0
2020-02-29 04:12:24,0,25.09,27.25,100266
2020-02-29 04:12:59,445,0,0,0
2020-02-29 04:13:25,0,25.1,27.25,100265
2020-02-29 04:13:59,448,0,0,0
2020-02-29 04:14:25,0,25.1,27.24,100265
2020-02-29 04:14:59,448,0,0,0
2020-02-29 04:15:26,0,25.1,27.22,100263
2020-02-29 04:15:59,447,0,0,0
2020-02-29 04:16:27,0,25.09,27.22,100259
2020-02-29 04:16:59,447,0,0,0
2020-02-29 04:17:28,0,25.09,27.23,100257
2020-02-29 04:18:00,448,0,0,0
2020-02-29 04:18:30,0,25.09,27.24,100254
2020-02-29 04:19:00,448,0,0,0
2020-02-29 04:19:31,0,25.1,27.24,100254
2020-02-29 04:19:59,446,0,0,0
2020-02-29 04:20:32,0,25.1,27.24,100254
2020-02-29 04:20:59,445,0,0,0
2020-02-29 04:21:33,0,25.1,27.23,100252
2020-02-29 04:21:59,444,0,0,0
2020-02-29 04:22:34,0,25.1,27.22,100252
2020-02-29 04:22:59,444,0,0,0
2020-02-29 04:23:35,0,25.1,27.21,100248
2020-02-29 04:23:59,444,0,0,0
2020-02-29 04:24:36,0,25.1,27.21,100252
2020-02-29 04:24:59,444,0,0,0
2020-02-29 04:25:37,0,25.1,27.2,100248
2020-02-29 04:25:59,439,0,0,0
2020-02-29 04:26:38,0,25.1,27.2,100248
2020-02-29 04:26:59,438,0,0,0
2020-02-29 04:27:38,0,25.09,27.2,100248
2020-02-29 04:27:59,438,0,0,0
2020-02-29 04:28:39,0,25.09,27.2,100248
2020-02-29 04:28:59,439,0,0,0
2020-02-29 04:29:41,0,25.09,27.19,100246
2020-02-29 04:30:00,439,0,0,0
2020-02-29 04:30:42,0,25.08,27.18,100246
2020-02-29 04:31:00,439,0,0,0
2020-02-29 04:31:43,0,25.08,27.18,100246
2020-02-29 04:32:00,440,0,0,0
2020-02-29 04:32:44,0,25.08,27.18,100246
2020-02-29 04:33:45,0,25.08,27.18,100246
2020-02-29 04:34:00,440,0,0,0
2020-02-29 04:34:46,0,25.08,27.18,100246
2020-02-29 04:35:00,439,0,0,0
2020-02-29 04:35:47,0,25.08,27.19,100246
2020-02-29 04:36:00,438,0,0,0
2020-02-29 04:36:48,0,25.08,27.19,100247
2020-02-29 04:37:00,438,0,0,0
2020-02-29 04:37:49,0,25.08,27.19,100251
2020-02-29 04:38:00,438,0,0,0
2020-02-29 04:38:50,0,25.08,27.2,100249
2020-02-29 04:39:50,0,25.08,27.19,100249
2020-02-29 04:40:00,433,0,0,0
2020-02-29 04:40:51,0,25.08,27.19,100248
2020-02-29 04:40:59,433,0,0,0
2020-02-29 04:41:53,0,25.08,27.18,100247
2020-02-29 04:42:00,433,0,0,0
2020-02-29 04:42:54,0,25.08,27.19,100247
2020-02-29 04:43:00,433,0,0,0
2020-02-29 04:43:55,0,25.08,27.18,100247
2020-02-29 04:44:00,432,0,0,0
2020-02-29 04:44:56,0,25.09,27.16,100243
2020-02-29 04:45:00,432,0,0,0
2020-02-29 04:45:57,0,25.09,27.16,100243
2020-02-29 04:46:00,432,0,0,0
2020-02-29 04:46:58,0,25.08,27.16,100243
2020-02-29 04:47:00,430,0,0,0
2020-02-29 04:47:59,0,25.08,27.17,100243
2020-02-29 04:48:00,430,0,0,0
2020-02-29 04:49:00,433,25.08,27.17,100245
2020-02-29 04:50:00,433,0,0,0
2020-02-29 04:50:01,0,25.07,27.16,100237
2020-02-29 04:51:01,0,25.08,27.16,100241
2020-02-29 04:52:00,431,0,0,0
2020-02-29 04:52:02,0,25.07,27.16,100237
2020-02-29 04:53:00,428,0,0,0
2020-02-29 04:53:03,0,25.08,27.16,100239
2020-02-29 04:54:00,428,0,0,0
2020-02-29 04:54:05,0,25.08,27.15,100239
2020-02-29 04:55:01,427,0,0,0
2020-02-29 04:55:06,0,25.08,27.15,100242
2020-02-29 04:56:01,426,0,0,0
2020-02-29 04:56:07,0,25.08,27.15,100245
2020-02-29 04:57:01,427,0,0,0
2020-02-29 04:57:08,0,25.08,27.15,100245
2020-02-29 04:58:01,427,0,0,0
2020-02-29 04:58:09,0,25.07,27.15,100244
2020-02-29 04:59:01,427,0,0,0
2020-02-29 04:59:10,0,25.07,27.14,100244
2020-02-29 05:00:01,427,0,0,0
2020-02-29 05:00:11,0,25.07,27.14,100250
2020-02-29 05:01:01,428,0,0,0
2020-02-29 05:01:12,0,25.08,27.14,100252
2020-02-29 05:02:01,427,0,0,0
2020-02-29 05:02:13,0,25.08,27.14,100256
2020-02-29 05:03:01,428,0,0,0
2020-02-29 05:03:14,0,25.08,27.13,100259
2020-02-29 05:04:00,428,0,0,0
2020-02-29 05:04:14,0,25.07,27.14,100260
2020-02-29 05:05:00,430,0,0,0
2020-02-29 05:05:15,0,25.07,27.13,100260
2020-02-29 05:06:00,432,0,0,0
2020-02-29 05:06:16,0,25.07,27.12,100253
2020-02-29 05:07:01,432,0,0,0
2020-02-29 05:07:18,0,25.07,27.12,100253
2020-02-29 05:08:01,432,0,0,0
2020-02-29 05:08:19,0,25.07,27.13,100249
2020-02-29 05:09:01,430,0,0,0
2020-02-29 05:09:20,0,25.07,27.14,100257
2020-02-29 05:10:01,430,0,0,0
2020-02-29 05:10:21,0,25.06,27.14,100252
2020-02-29 05:11:01,429,0,0,0
2020-02-29 05:11:22,0,25.06,27.14,100253
2020-02-29 05:12:01,429,0,0,0
2020-02-29 05:12:23,0,25.07,27.14,100253
2020-02-29 05:13:24,0,25.07,27.15,100253
2020-02-29 05:14:01,428,0,0,0
2020-02-29 05:14:25,0,25.07,27.14,100253
2020-02-29 05:15:01,428,0,0,0
2020-02-29 05:15:26,0,25.08,27.14,100254
2020-02-29 05:16:01,428,0,0,0
2020-02-29 05:16:27,0,25.08,27.13,100257
2020-02-29 05:17:01,426,0,0,0
2020-02-29 05:17:28,0,25.07,27.13,100257
2020-02-29 05:18:01,421,0,0,0
2020-02-29 05:18:28,0,25.07,27.13,100257
2020-02-29 05:19:01,419,0,0,0
2020-02-29 05:19:29,0,25.07,27.12,100258
2020-02-29 05:20:02,420,0,0,0
2020-02-29 05:20:31,0,25.07,27.12,100258
2020-02-29 05:21:02,420,0,0,0
2020-02-29 05:21:32,0,25.07,27.12,100258
2020-02-29 05:22:02,423,0,0,0
2020-02-29 05:22:33,0,25.07,27.12,100259
2020-02-29 05:23:02,423,0,0,0
2020-02-29 05:23:34,0,25.06,27.11,100259
2020-02-29 05:24:35,0,25.06,27.11,100259
2020-02-29 05:25:02,423,0,0,0
2020-02-29 05:25:36,0,25.06,27.11,100254
2020-02-29 05:26:37,0,25.06,27.11,100254
2020-02-29 05:27:02,426,0,0,0
2020-02-29 05:27:38,0,25.07,27.11,100254
2020-02-29 05:28:39,0,25.07,27.11,100251
2020-02-29 05:29:02,428,0,0,0
2020-02-29 05:29:40,0,25.07,27.11,100251
2020-02-29 05:30:02,428,0,0,0
2020-02-29 05:30:41,0,25.07,27.11,100251
2020-02-29 05:31:41,0,25.07,27.11,100252
2020-02-29 05:32:43,0,25.07,27.12,100250
2020-02-29 05:33:03,428,0,0,0
2020-02-29 05:33:44,0,25.07,27.13,100252
2020-02-29 05:34:03,426,0,0,0
2020-02-29 05:34:45,0,25.07,27.13,100252
2020-02-29 05:35:46,0,25.07,27.12,100252
2020-02-29 05:36:03,422,0,0,0
2020-02-29 05:36:47,0,25.07,27.12,100245
2020-02-29 05:37:03,422,0,0,0
2020-02-29 05:37:48,0,25.07,27.13,100245
2020-02-29 05:38:03,424,0,0,0
2020-02-29 05:38:49,0,25.07,27.13,100247
2020-02-29 05:39:03,424,0,0,0
2020-02-29 05:39:50,0,25.07,27.12,100247
2020-02-29 05:40:51,0,25.07,27.1,100247
2020-02-29 05:41:03,421,0,0,0
2020-02-29 05:41:52,0,25.07,27.1,100245
2020-02-29 05:42:03,421,0,0,0
2020-02-29 05:42:53,0,25.08,27.1,100249
2020-02-29 05:43:02,421,0,0,0
2020-02-29 05:43:54,0,25.07,27.1,100241
2020-02-29 05:44:55,0,25.07,27.1,100241
2020-02-29 05:45:03,422,0,0,0
2020-02-29 05:45:56,0,25.07,27.1,100241
2020-02-29 05:46:03,425,0,0,0
2020-02-29 05:46:57,0,25.07,27.1,100246
2020-02-29 05:47:03,426,0,0,0
2020-02-29 05:47:58,0,25.07,27.1,100246
2020-02-29 05:48:03,426,0,0,0
2020-02-29 05:48:59,0,25.07,27.1,100242
2020-02-29 05:49:03,426,0,0,0
2020-02-29 05:50:00,0,25.08,27.1,100240
2020-02-29 05:50:03,427,0,0,0
2020-02-29 05:51:01,0,25.08,27.12,100240
2020-02-29 05:51:03,427,0,0,0
2020-02-29 05:52:02,0,25.08,27.12,100240
2020-02-29 05:52:03,427,0,0,0
2020-02-29 05:53:03,424,25.08,27.12,100237
2020-02-29 05:54:04,0,25.08,27.12,100241
2020-02-29 05:55:03,423,0,0,0
2020-02-29 05:55:05,0,25.08,27.1,100240
2020-02-29 05:56:03,419,0,0,0
2020-02-29 05:56:05,0,25.07,27.1,100240
2020-02-29 05:57:04,418,0,0,0
2020-02-29 05:57:07,0,25.06,27.1,100235
2020-02-29 05:58:04,418,0,0,0
2020-02-29 05:58:08,0,25.06,27.1,100230
2020-02-29 05:59:04,418,0,0,0
2020-02-29 05:59:09,0,25.06,27.11,100230
2020-02-29 06:00:04,418,0,0,0
2020-02-29 06:00:10,0,25.06,27.11,100230
2020-02-29 06:01:04,418,0,0,0
2020-02-29 06:01:11,0,25.06,27.11,100230
2020-02-29 06:02:04,416,0,0,0
2020-02-29 06:02:12,0,25.06,27.1,100230
2020-02-29 06:03:04,416,0,0,0
2020-02-29 06:03:13,0,25.06,27.12,100231
2020-02-29 06:04:04,419,0,0,0
2020-02-29 06:04:14,0,25.06,27.11,100231
2020-02-29 06:05:04,421,0,0,0
2020-02-29 06:05:15,0,25.06,27.12,100228
2020-02-29 06:06:03,421,0,0,0
2020-02-29 06:06:16,0,25.06,27.11,100228
2020-02-29 06:07:03,423,0,0,0
2020-02-29 06:07:17,0,25.06,27.11,100228
2020-02-29 06:08:03,423,0,0,0
2020-02-29 06:08:18,0,25.06,27.11,100228
2020-02-29 06:09:03,423,0,0,0
2020-02-29 06:09:19,0,25.06,27.11,100224
2020-02-29 06:10:04,422,0,0,0
2020-02-29 06:10:20,0,25.06,27.12,100223
2020-02-29 06:11:04,421,0,0,0
2020-02-29 06:11:21,0,25.05,27.12,100223
2020-02-29 06:12:04,421,0,0,0
2020-02-29 06:12:22,0,25.05,27.14,100222
2020-02-29 06:13:04,421,0,0,0
2020-02-29 06:13:23,0,25.06,27.14,100224
2020-02-29 06:14:04,421,0,0,0
2020-02-29 06:14:24,0,25.06,27.14,100224
2020-02-29 06:15:04,418,0,0,0
2020-02-29 06:15:25,0,25.06,27.13,100224
2020-02-29 06:16:04,417,0,0,0
2020-02-29 06:16:26,0,25.06,27.11,100221
2020-02-29 06:17:04,414,0,0,0
2020-02-29 06:17:27,0,25.06,27.11,100221
2020-02-29 06:18:04,416,0,0,0
2020-02-29 06:18:28,0,25.06,27.1,100223
2020-02-29 06:19:04,413,0,0,0
2020-02-29 06:19:29,0,25.06,27.1,100224
2020-02-29 06:20:04,415,0,0,0
2020-02-29 06:20:30,0,25.06,27.1,100227
2020-02-29 06:21:04,415,0,0,0
2020-02-29 06:21:31,0,25.06,27.1,100229
2020-02-29 06:22:04,415,0,0,0
2020-02-29 06:22:33,0,25.06,27.1,100227
2020-02-29 06:23:05,416,0,0,0
2020-02-29 06:23:33,0,25.06,27.1,100228
2020-02-29 06:24:05,414,0,0,0
2020-02-29 06:24:34,0,25.06,27.1,100223
2020-02-29 06:25:05,416,0,0,0
2020-02-29 06:25:35,0,25.06,27.1,100227
2020-02-29 06:26:05,423,0,0,0
2020-02-29 06:26:36,0,25.06,27.1,100227
2020-02-29 06:27:04,423,0,0,0
2020-02-29 06:27:37,0,25.06,27.1,100227
2020-02-29 06:28:04,421,0,0,0
2020-02-29 06:28:38,0,25.06,27.09,100231
2020-02-29 06:29:04,418,0,0,0
2020-02-29 06:29:39,0,25.05,27.08,100226
2020-02-29 06:30:04,417,0,0,0
2020-02-29 06:30:40,0,25.06,27.08,100226
2020-02-29 06:31:04,417,0,0,0
2020-02-29 06:31:41,0,25.06,27.07,100225
2020-02-29 06:32:04,414,0,0,0
2020-02-29 06:32:42,0,25.06,27.07,100224
2020-02-29 06:33:04,411,0,0,0
2020-02-29 06:33:43,0,25.05,27.07,100220
2020-02-29 06:34:04,408,0,0,0
2020-02-29 06:34:44,0,25.05,27.09,100220
2020-02-29 06:35:05,408,0,0,0
2020-02-29 06:35:45,0,25.05,27.1,100220
2020-02-29 06:36:05,409,0,0,0
2020-02-29 06:36:46,0,25.05,27.1,100210
2020-02-29 06:37:05,412,0,0,0
2020-02-29 06:37:47,0,25.05,27.09,100210
2020-02-29 06:38:05,412,0,0,0
2020-02-29 06:38:48,0,25.05,27.07,100217
2020-02-29 06:39:05,411,0,0,0
2020-02-29 06:39:49,0,25.06,27.07,100220
2020-02-29 06:40:05,411,0,0,0
2020-02-29 06:40:50,0,25.06,27.07,100220
2020-02-29 06:41:05,414,0,0,0
2020-02-29 06:41:51,0,25.07,27.06,100220
2020-02-29 06:42:05,416,0,0,0
2020-02-29 06:42:52,0,25.06,27.06,100220
2020-02-29 06:43:05,414,0,0,0
2020-02-29 06:43:53,0,25.05,27.06,100217
2020-02-29 06:44:05,411,0,0,0
2020-02-29 06:44:54,0,25.05,27.07,100217
2020-02-29 06:45:05,411,0,0,0
2020-02-29 06:45:55,0,25.05,27.07,100218
2020-02-29 06:46:05,411,0,0,0
2020-02-29 06:46:57,0,25.04,27.09,100220
2020-02-29 06:47:05,409,0,0,0
2020-02-29 06:47:57,0,25.05,27.09,100224
2020-02-29 06:48:58,0,25.04,27.07,100227
2020-02-29 06:49:05,408,0,0,0
2020-02-29 06:49:59,0,25.05,27.07,100227
2020-02-29 06:50:05,408,0,0,0
2020-02-29 06:51:00,0,25.05,27.06,100225
2020-02-29 06:51:05,409,0,0,0
2020-02-29 06:52:01,0,25.05,27.06,100223
2020-02-29 06:52:05,409,0,0,0
2020-02-29 06:53:02,0,25.05,27.07,100225
2020-02-29 06:53:05,409,0,0,0
2020-02-29 06:54:03,0,24.67,27.07,100162
2020-02-29 06:54:05,410,0,0,0
2020-02-29 06:55:04,0,25.05,27.04,100227
2020-02-29 06:55:05,410,0,0,0
2020-02-29 06:56:05,410,25.05,27.04,100222
2020-02-29 06:57:05,410,0,0,0
2020-02-29 06:57:06,0,25.05,27.06,100222
2020-02-29 06:58:05,410,0,0,0
2020-02-29 06:58:07,0,25.05,27.06,100222
2020-02-29 06:59:05,410,0,0,0
2020-02-29 06:59:09,0,25.05,27.06,100227
2020-02-29 07:00:06,411,0,0,0
2020-02-29 07:00:10,0,25.05,27.06,100227
2020-02-29 07:01:06,411,0,0,0
2020-02-29 07:01:10,0,25.05,27.06,100227
2020-02-29 07:02:06,413,0,0,0
2020-02-29 07:02:11,0,25.05,27.06,100227
2020-02-29 07:03:12,0,25.05,27.06,100227
2020-02-29 07:04:06,412,0,0,0
2020-02-29 07:04:13,0,25.05,27.04,100225
2020-02-29 07:05:06,412,0,0,0
2020-02-29 07:05:14,0,25.05,27.04,100225
2020-02-29 07:06:06,411,0,0,0
2020-02-29 07:06:15,0,25.04,27.04,100227
2020-02-29 07:07:06,411,0,0,0
2020-02-29 07:07:16,0,25.04,27.05,100227
2020-02-29 07:08:06,411,0,0,0
2020-02-29 07:08:17,0,25.04,27.08,100224
2020-02-29 07:09:06,409,0,0,0
2020-02-29 07:09:18,0,25.04,27.08,100224
2020-02-29 07:10:06,409,0,0,0
2020-02-29 07:10:19,0,25.03,27.07,100222
2020-02-29 07:11:05,409,0,0,0
2020-02-29 07:11:20,0,25.03,27.07,100220
2020-02-29 07:12:05,406,0,0,0
2020-02-29 07:12:22,0,25.03,27.08,100220
2020-02-29 07:13:23,0,25.03,27.09,100220
2020-02-29 07:14:06,406,0,0,0
2020-02-29 07:14:23,0,25.03,27.09,100220
2020-02-29 07:15:06,412,0,0,0
2020-02-29 07:15:24,0,25.03,27.09,100220
2020-02-29 07:16:06,412,0,0,0
2020-02-29 07:16:25,0,25.03,27.07,100218
2020-02-29 07:17:06,413,0,0,0
2020-02-29 07:17:26,0,25.03,27.07,100220
2020-02-29 07:18:06,414,0,0,0
2020-02-29 07:18:27,0,25.03,27.08,100218
2020-02-29 07:19:06,414,0,0,0
2020-02-29 07:19:28,0,25.03,27.08,100213
2020-02-29 07:20:06,413,0,0,0
2020-02-29 07:20:29,0,25.03,27.08,100213
2020-02-29 07:21:30,0,25.03,27.07,100204
2020-02-29 07:22:06,413,0,0,0
2020-02-29 07:22:31,0,25.03,27.07,100204
2020-02-29 07:23:06,412,0,0,0
2020-02-29 07:23:32,0,25.04,27.07,100204
2020-02-29 07:24:33,0,25.04,27.04,100204
2020-02-29 07:25:07,410,0,0,0
2020-02-29 07:25:35,0,25.05,27.04,100203
2020-02-29 07:26:07,412,0,0,0
2020-02-29 07:26:36,0,25.05,27.03,100203
2020-02-29 07:27:07,413,0,0,0
2020-02-29 07:27:36,0,25.05,27.04,100198
2020-02-29 07:28:07,415,0,0,0
2020-02-29 07:28:37,0,25.06,27.03,100197
2020-02-29 07:29:07,415,0,0,0
2020-02-29 07:29:38,0,25.06,27.02,100197
2020-02-29 07:30:07,412,0,0,0
2020-02-29 07:30:39,0,25.06,27.02,100197
2020-02-29 07:31:40,0,25.06,27.03,100196
2020-02-29 07:32:07,411,0,0,0
2020-02-29 07:32:41,0,25.06,27.03,100192
2020-02-29 07:33:07,411,0,0,0
2020-02-29 07:33:42,0,25.08,27.01,100188
2020-02-29 07:34:07,409,0,0,0
2020-02-29 07:34:43,0,25.08,27,100188
2020-02-29 07:35:07,409,0,0,0
2020-02-29 07:35:44,0,25.08,27,100188
2020-02-29 07:36:07,409,0,0,0
2020-02-29 07:36:45,0,25.09,27,100190
2020-02-29 07:37:06,410,0,0,0
2020-02-29 07:37:47,0,25.09,26.99,100190
2020-02-29 07:38:07,410,0,0,0
2020-02-29 07:38:48,0,25.09,26.99,100186
2020-02-29 07:39:48,0,25.09,27,100186
2020-02-29 07:40:07,412,0,0,0
2020-02-29 07:40:49,0,25.09,27,100186
2020-02-29 07:41:50,0,25.1,26.97,100186
2020-02-29 07:42:07,412,0,0,0
2020-02-29 07:42:51,0,25.11,26.97,100184
2020-02-29 07:43:07,406,0,0,0
2020-02-29 07:43:52,0,25.11,26.96,100181
2020-02-29 07:44:07,406,0,0,0
2020-02-29 07:44:53,0,25.11,26.96,100184
2020-02-29 07:45:07,405,0,0,0
2020-02-29 07:45:54,0,25.11,26.94,100181
2020-02-29 07:46:55,0,25.13,26.95,100182
2020-02-29 07:47:07,404,0,0,0
2020-02-29 07:47:56,0,25.13,26.94,100175
2020-02-29 07:48:57,0,25.13,26.94,100171
2020-02-29 07:49:07,401,0,0,0
2020-02-29 07:49:58,0,25.13,26.94,100171
2020-02-29 07:50:08,401,0,0,0
2020-02-29 07:51:00,0,25.16,26.93,100169
2020-02-29 07:51:08,403,0,0,0
2020-02-29 07:52:01,0,25.17,26.93,100169
2020-02-29 07:53:01,0,25.17,26.9,100161
2020-02-29 07:53:08,404,0,0,0
2020-02-29 07:54:02,0,25.17,26.89,100161
2020-02-29 07:54:08,404,0,0,0
2020-02-29 07:55:03,0,25.18,26.89,100161
2020-02-29 07:55:08,403,0,0,0
2020-02-29 07:56:04,0,25.19,26.88,100160
2020-02-29 07:56:08,401,0,0,0
2020-02-29 07:57:05,0,25.2,26.86,100160
2020-02-29 07:58:06,0,25.2,26.86,100160
2020-02-29 07:59:07,0,25.2,26.86,100148
2020-02-29 07:59:08,401,0,0,0
2020-02-29 08:00:08,0,25.21,26.86,100148
2020-02-29 08:01:08,401,0,0,0
2020-02-29 08:01:09,0,25.21,26.85,100150
2020-02-29 08:02:08,402,0,0,0
2020-02-29 08:02:11,0,25.22,26.84,100150
2020-02-29 08:03:09,402,0,0,0
2020-02-29 08:03:12,0,25.22,26.83,100149
2020-02-29 08:04:13,0,25.24,26.82,100148
2020-02-29 08:05:09,402,0,0,0
2020-02-29 08:05:14,0,25.24,26.82,100148
2020-02-29 08:06:14,0,25.24,26.81,100148
2020-02-29 08:07:09,402,0,0,0
2020-02-29 08:07:15,0,25.24,26.81,100148
2020-02-29 08:08:09,402,0,0,0
2020-02-29 08:08:16,0,25.25,26.82,100148
2020-02-29 08:09:09,402,0,0,0
2020-02-29 08:09:17,0,25.25,26.82,100145
2020-02-29 08:10:09,402,0,0,0
2020-02-29 08:10:18,0,25.24,26.8,100137
2020-02-29 08:11:09,400,0,0,0
2020-02-29 08:11:19,0,25.24,26.79,100134
2020-02-29 08:12:09,400,0,0,0
2020-02-29 08:12:20,0,25.26,26.78,100134
2020-02-29 08:13:09,400,0,0,0
2020-02-29 08:13:21,0,25.29,26.78,100145
2020-02-29 08:14:08,401,0,0,0
2020-02-29 08:14:22,0,25.29,26.78,100145
2020-02-29 08:15:09,400,0,0,0
2020-02-29 08:15:24,0,25.3,26.77,100140
2020-02-29 08:16:09,401,0,0,0
2020-02-29 08:16:25,0,25.31,26.78,100137
2020-02-29 08:17:26,0,25.31,26.78,100136
2020-02-29 08:18:09,400,0,0,0
2020-02-29 08:18:27,0,25.31,26.78,100134
2020-02-29 08:19:09,402,0,0,0
2020-02-29 08:19:27,0,25.31,26.76,100134
2020-02-29 08:20:09,400,0,0,0
2020-02-29 08:20:28,0,25.34,26.73,100137
2020-02-29 08:21:09,402,0,0,0
2020-02-29 08:21:29,0,25.35,26.73,100140
2020-02-29 08:22:30,0,25.36,26.72,100138
2020-02-29 08:23:09,403,0,0,0
2020-02-29 08:23:31,0,25.36,26.72,100138
2020-02-29 08:24:09,403,0,0,0
2020-02-29 08:24:32,0,25.38,26.71,100130
2020-02-29 08:25:33,0,25.39,26.7,100130
2020-02-29 08:26:09,402,0,0,0
2020-02-29 08:26:34,0,25.4,26.7,100131
2020-02-29 08:27:09,402,0,0,0
2020-02-29 08:27:35,0,25.41,26.68,100137
2020-02-29 08:28:10,402,0,0,0
2020-02-29 08:28:37,0,25.42,26.68,100132
2020-02-29 08:29:10,402,0,0,0
2020-02-29 08:29:38,0,25.44,26.68,100133
2020-02-29 08:30:10,402,0,0,0
2020-02-29 08:30:39,0,25.45,26.67,100133
2020-02-29 08:31:10,402,0,0,0
2020-02-29 08:31:40,0,25.46,26.66,100133
2020-02-29 08:32:10,402,0,0,0
2020-02-29 08:32:40,0,25.47,26.64,100130
2020-02-29 08:33:10,402,0,0,0
2020-02-29 08:33:41,0,25.47,26.64,100129
2020-02-29 08:34:10,403,0,0,0
2020-02-29 08:34:42,0,25.17,26.63,100081
2020-02-29 08:35:10,403,0,0,0
2020-02-29 08:35:43,0,25.17,26.63,100081
2020-02-29 08:36:10,403,0,0,0
2020-02-29 08:36:44,0,25.5,26.61,100125
2020-02-29 08:37:10,402,0,0,0
2020-02-29 08:37:45,0,25.5,26.61,100125
2020-02-29 08:38:46,0,25.51,26.6,100125
2020-02-29 08:39:10,401,0,0,0
2020-02-29 08:39:47,0,25.53,26.59,100131
2020-02-29 08:40:10,401,0,0,0
2020-02-29 08:40:49,0,25.53,26.59,100131
2020-02-29 08:41:11,400,0,0,0
2020-02-29 08:41:50,0,25.55,26.58,100134
2020-02-29 08:42:11,400,0,0,0
2020-02-29 08:42:51,0,25.57,26.55,100134
2020-02-29 08:43:10,400,0,0,0
2020-02-29 08:43:52,0,25.58,26.55,100134
2020-02-29 08:44:10,400,0,0,0
2020-02-29 08:44:52,0,25.59,26.55,100129
2020-02-29 08:45:10,400,0,0,0
2020-02-29 08:45:53,0,25.59,26.55,100129
2020-02-29 08:46:10,400,0,0,0
2020-02-29 08:46:54,0,25.6,26.55,100132
2020-02-29 08:47:10,400,0,0,0
2020-02-29 08:47:55,0,25.61,26.54,100132
2020-02-29 08:48:10,400,0,0,0
2020-02-29 08:48:56,0,25.62,26.53,100130
2020-02-29 08:49:10,400,0,0,0
2020-02-29 08:49:57,0,25.64,26.52,100124
2020-02-29 08:50:10,400,0,0,0
2020-02-29 08:50:58,0,25.65,26.52,100124
2020-02-29 08:51:10,400,0,0,0
2020-02-29 08:51:59,0,25.65,26.5,100121
2020-02-29 08:52:10,400,0,0,0
2020-02-29 08:53:00,0,25.66,26.49,100126
2020-02-29 08:54:02,0,25.67,26.5,100126
2020-02-29 08:54:11,400,0,0,0
2020-02-29 08:55:03,0,25.67,26.48,100126
2020-02-29 08:55:11,400,0,0,0
2020-02-29 08:56:04,0,25.67,26.48,100118
2020-02-29 08:56:11,400,0,0,0
2020-02-29 08:57:05,0,25.69,26.48,100117
2020-02-29 08:57:11,400,0,0,0
2020-02-29 08:58:05,0,25.7,26.48,100117
2020-02-29 08:58:11,400,0,0,0
2020-02-29 08:59:06,0,25.7,26.48,100116
2020-02-29 08:59:11,400,0,0,0
2020-02-29 09:00:07,0,25.7,26.48,100115
2020-02-29 09:00:11,400,0,0,0
2020-02-29 09:01:08,0,25.71,26.49,100110
2020-02-29 09:01:11,400,0,0,0
2020-02-29 09:02:09,0,25.71,26.48,100110
2020-02-29 09:02:11,400,0,0,0
2020-02-29 09:03:10,0,25.72,26.48,100116
2020-02-29 09:03:11,400,0,0,0
2020-02-29 09:04:11,400,25.73,26.47,100119
2020-02-29 09:05:11,400,0,0,0
2020-02-29 09:05:13,0,25.73,26.46,100119
2020-02-29 09:06:12,400,0,0,0
2020-02-29 09:06:14,0,25.73,26.47,100121
2020-02-29 09:07:11,400,0,0,0
2020-02-29 09:07:15,0,25.74,26.47,100118
2020-02-29 09:08:11,400,0,0,0
2020-02-29 09:08:16,0,25.74,26.48,100116
2020-02-29 09:09:11,400,0,0,0
2020-02-29 09:09:17,0,25.76,26.48,100113
2020-02-29 09:10:11,400,0,0,0
2020-02-29 09:10:17,0,25.76,26.48,100110
2020-02-29 09:11:11,400,0,0,0
2020-02-29 09:11:18,0,25.47,26.48,100062
2020-02-29 09:12:19,0,25.47,26.48,100062
2020-02-29 09:13:11,400,0,0,0
2020-02-29 09:13:20,0,25.76,26.48,100108
2020-02-29 09:14:21,0,25.76,26.49,100108
2020-02-29 09:15:22,0,25.77,26.49,100104
2020-02-29 09:16:11,400,0,0,0
2020-02-29 09:16:23,0,25.73,26.5,100091
2020-02-29 09:17:11,403,0,0,0
2020-02-29 09:17:24,0,25.73,26.49,100091
2020-02-29 09:18:12,403,0,0,0
2020-02-29 09:18:26,0,25.17,26.5,99993.7
2020-02-29 09:19:12,401,0,0,0
2020-02-29 09:19:27,0,25.17,26.49,99993.7
2020-02-29 09:20:12,400,0,0,0
2020-02-29 09:20:28,0,25.42,26.5,100032
2020-02-29 09:21:12,400,0,0,0
2020-02-29 09:21:29,0,25.76,26.49,100089
2020-02-29 09:22:30,0,25.76,26.49,100089
2020-02-29 09:23:12,400,0,0,0
2020-02-29 09:23:30,0,25.79,26.49,100099
2020-02-29 09:24:31,0,25.79,26.49,100099
2020-02-29 09:25:12,400,0,0,0
2020-02-29 09:25:32,0,25.79,26.51,100099
2020-02-29 09:26:12,400,0,0,0
2020-02-29 09:26:33,0,25.8,26.5,100097
2020-02-29 09:27:12,400,0,0,0
2020-02-29 09:27:34,0,25.8,26.51,100097
2020-02-29 09:28:12,400,0,0,0
2020-02-29 09:28:35,0,25.8,26.51,100096
2020-02-29 09:29:36,0,25.8,26.51,100096
2020-02-29 09:30:12,400,0,0,0
2020-02-29 09:30:38,0,25.2,26.51,99998.4
2020-02-29 09:31:13,400,0,0,0
2020-02-29 09:31:39,0,25.81,26.52,100095
2020-02-29 09:32:13,400,0,0,0
2020-02-29 09:32:40,0,25.81,26.52,100095
2020-02-29 09:33:13,400,0,0,0
2020-02-29 09:33:41,0,25.84,26.51,100096
2020-02-29 09:34:13,400,0,0,0
2020-02-29 09:34:42,0,25.85,26.51,100099
2020-02-29 09:35:43,0,25.85,26.51,100098
2020-02-29 09:36:13,400,0,0,0
2020-02-29 09:36:43,0,25.87,26.5,100098
2020-02-29 09:37:13,400,0,0,0
2020-02-29 09:37:44,0,25.89,26.49,100098
2020-02-29 09:38:13,400,0,0,0
2020-02-29 09:38:45,0,25.89,26.48,100096
2020-02-29 09:39:12,400,0,0,0
2020-02-29 09:39:46,0,25.38,26.48,100005
2020-02-29 09:40:12,400,0,0,0
2020-02-29 09:40:47,0,25.38,26.47,100005
2020-02-29 09:41:12,400,0,0,0
2020-02-29 09:41:48,0,25.93,26.47,100097
2020-02-29 09:42:50,0,25.93,26.47,100097
2020-02-29 09:43:13,400,0,0,0
2020-02-29 09:43:51,0,25.36,26.45,99994.7
2020-02-29 09:44:13,400,0,0,0
2020-02-29 09:44:52,0,25.36,26.45,99994.7
2020-02-29 09:45:13,400,0,0,0
2020-02-29 09:45:53,0,25.97,26.44,100100
2020-02-29 09:46:13,400,0,0,0
2020-02-29 09:46:54,0,25.98,26.44,100100
2020-02-29 09:47:13,400,0,0,0
2020-02-29 09:47:54,0,25.98,26.44,100093
2020-02-29 09:48:13,400,0,0,0
2020-02-29 09:48:55,0,25.99,26.44,100093
2020-02-29 09:49:13,400,0,0,0
2020-02-29 09:49:56,0,25.99,26.45,100097
2020-02-29 09:50:13,400,0,0,0
2020-02-29 09:50:57,0,25.98,26.45,100097
2020-02-29 09:51:13,400,0,0,0
2020-02-29 09:51:58,0,25.98,26.45,100097
2020-02-29 09:52:13,400,0,0,0
2020-02-29 09:52:59,0,25.4,26.45,100002
2020-02-29 09:53:13,400,0,0,0
2020-02-29 09:54:00,0,26,26.45,100104
2020-02-29 09:54:14,400,0,0,0
2020-02-29 09:55:02,0,26.01,26.43,100102
2020-02-29 09:55:14,400,0,0,0
2020-02-29 09:56:03,0,26.02,26.43,100102
2020-02-29 09:56:14,400,0,0,0
2020-02-29 09:57:04,0,26.03,26.43,100102
2020-02-29 09:57:14,400,0,0,0
2020-02-29 09:58:05,0,26.04,26.43,100097
2020-02-29 09:58:14,400,0,0,0
2020-02-29 09:59:06,0,26.05,26.43,100097
2020-02-29 09:59:14,400,0,0,0
2020-02-29 10:00:06,0,26.07,26.43,100095
2020-02-29 10:00:13,400,0,0,0
2020-02-29 10:01:07,0,26.08,26.42,100094
2020-02-29 10:01:13,400,0,0,0
2020-02-29 10:02:08,0,26.09,26.42,100094
2020-02-29 10:02:13,400,0,0,0
2020-02-29 10:03:09,0,26.09,26.42,100095
2020-02-29 10:03:13,400,0,0,0
2020-02-29 10:04:10,0,26.1,26.42,100095
2020-02-29 10:04:13,400,0,0,0
2020-02-29 10:05:11,0,26.1,26.42,100088
2020-02-29 10:05:13,400,0,0,0
2020-02-29 10:06:12,0,25.53,26.42,99993.2
2020-02-29 10:06:13,400,0,0,0
2020-02-29 10:07:14,0,25.53,26.41,99993.2
